{
  "all_reports_hit": 0.5,
  "case_count": 34,
  "complete_evidence_recall": 0.4666666666666667,
  "configuration_checksum": "51e3adf38c5e8a92f4b7445685f054ea04d5d29aef2c44cf2e18b325c29792ef",
  "created_at_utc": "2026-07-14T00:05:13.667819+00:00",
  "eligibility": "eligible",
  "evidence_recall": 0.6,
  "experiment_id": "MMR_LAMBDA_08",
  "macro_report_mrr": 0.4163888888888889,
  "mean_estimated_tokens": 2047.2333333333333,
  "mean_latency_ms": 14035.157796666803,
  "mean_repeated_text_ratio": 0.0,
  "mean_selected_chunks": 8.8,
  "mean_unique_pages": 7.6,
  "median_latency_ms": 15412.288250000529,
  "mmr_enabled": true,
  "mmr_lambda": 0.8,
  "p95_latency_ms": 23509.8195999999,
  "report_coverage": 1.0,
  "schema_version": 1,
  "scored_case_count": 30,
  "single_report_contamination": 0.0,
  "status": "completed"
}
