{
  "experiment_id": "WRRF_D2_B1",
  "family": "weighted_rrf",
  "config": {
    "id": "WRRF_D2_B1",
    "dk": 50,
    "bk": 50,
    "retain": 30,
    "rrf": 60,
    "dw": 2,
    "bw": 1,
    "quota": [
      4,
      3,
      2
    ],
    "family": "weighted_rrf"
  },
  "case_count": 34,
  "report_coverage": 1.0,
  "all_reports_hit": 0.36666666666666664,
  "macro_mrr": 0.3333333333333333,
  "evidence_recall": 0.4388888888888889,
  "complete_evidence_recall": 0.3,
  "contamination": 0,
  "mean_selected_characters": 5161.8,
  "mean_estimated_tokens": 1290.0666666666666,
  "runtime_seconds": 0.026254700031131506,
  "dataset_sha256": "bf7cf18e02abb87a6e22fe9b686d8f93fa34ceb3f67abc575741c0a63080b56d",
  "index_fingerprint": "3241613a186f9a98fd5e0d6a61d1ea3f5bc9030c1f77dc2ffb05ce08fb7be861"
}