{
  "experiment_id": "QUOTA_EXPANDED",
  "family": "context_quota",
  "config": {
    "id": "QUOTA_EXPANDED",
    "dk": 50,
    "bk": 50,
    "retain": 30,
    "rrf": 60,
    "dw": 1,
    "bw": 1,
    "quota": [
      6,
      4,
      3
    ],
    "family": "context_quota"
  },
  "case_count": 34,
  "report_coverage": 1.0,
  "all_reports_hit": 0.4,
  "macro_mrr": 0.3509259259259259,
  "evidence_recall": 0.49444444444444446,
  "complete_evidence_recall": 0.36666666666666664,
  "contamination": 0,
  "mean_selected_characters": 7247.733333333334,
  "mean_estimated_tokens": 1811.5333333333333,
  "runtime_seconds": 0.028234199970029294,
  "dataset_sha256": "bf7cf18e02abb87a6e22fe9b686d8f93fa34ceb3f67abc575741c0a63080b56d",
  "index_fingerprint": "3241613a186f9a98fd5e0d6a61d1ea3f5bc9030c1f77dc2ffb05ce08fb7be861"
}