{
  "experiment_id": "WRRF_D1_B2",
  "family": "weighted_rrf",
  "config": {
    "id": "WRRF_D1_B2",
    "dk": 50,
    "bk": 50,
    "retain": 30,
    "rrf": 60,
    "dw": 1,
    "bw": 2,
    "quota": [
      4,
      3,
      2
    ],
    "family": "weighted_rrf"
  },
  "case_count": 34,
  "report_coverage": 1.0,
  "all_reports_hit": 0.26666666666666666,
  "macro_mrr": 0.26666666666666666,
  "evidence_recall": 0.3111111111111111,
  "complete_evidence_recall": 0.23333333333333334,
  "contamination": 0,
  "mean_selected_characters": 5206.866666666667,
  "mean_estimated_tokens": 1301.3333333333333,
  "runtime_seconds": 0.02794160001212731,
  "dataset_sha256": "bf7cf18e02abb87a6e22fe9b686d8f93fa34ceb3f67abc575741c0a63080b56d",
  "index_fingerprint": "3241613a186f9a98fd5e0d6a61d1ea3f5bc9030c1f77dc2ffb05ce08fb7be861"
}