strategy,question_count,hit_rate_at_k,mrr,mean_latency_ms
dense,30,0.8333333333333334,0.6555555555555556,30.671183332257595
dense_reranked,30,0.9,0.8277777777777777,1075.7706166691303
bm25,30,0.8333333333333334,0.6916666666666667,2.1740566667479775
bm25_reranked,30,0.8666666666666667,0.7666666666666667,785.4780566645786
hybrid_rrf,30,0.8,0.7444444444444444,25.771019995833438
hybrid_reranked,30,0.9333333333333333,0.8222222222222223,1233.9421933419846
