{
  "all_reports_hit": 0.5666666666666667,
  "case_count": 34,
  "complete_evidence_recall": 0.5333333333333333,
  "configuration_checksum": "8ba7046dd23380fad41b90a7a4c4aac0bb245d14d3f9d794f951e0ffa0263bda",
  "created_at_utc": "2026-07-16T12:09:25.154462+00:00",
  "eligibility": "eligible",
  "evidence_recall": 0.65,
  "experiment_id": "MMR_LAMBDA_06",
  "macro_report_mrr": 0.4054629629629629,
  "mean_estimated_tokens": 2037.0333333333333,
  "mean_latency_ms": 13625.31814333294,
  "mean_repeated_text_ratio": 0.0,
  "mean_selected_chunks": 8.8,
  "mean_unique_pages": 7.8,
  "median_latency_ms": 15217.13925000222,
  "mmr_enabled": true,
  "mmr_lambda": 0.6,
  "p95_latency_ms": 22947.638900004677,
  "report_coverage": 1.0,
  "schema_version": 1,
  "scored_case_count": 30,
  "single_report_contamination": 0.0,
  "status": "completed"
}
