{
  "experiment_id": "CP03",
  "family": "candidate_pool",
  "config": {
    "id": "CP03",
    "dk": 40,
    "bk": 40,
    "retain": 15,
    "rrf": 60,
    "dw": 1,
    "bw": 1,
    "quota": [
      4,
      3,
      2
    ],
    "family": "candidate_pool"
  },
  "case_count": 34,
  "report_coverage": 1.0,
  "all_reports_hit": 0.26666666666666666,
  "macro_mrr": 0.3027777777777778,
  "evidence_recall": 0.3611111111111111,
  "complete_evidence_recall": 0.23333333333333334,
  "contamination": 0,
  "mean_selected_characters": 5127.766666666666,
  "mean_estimated_tokens": 1281.5666666666666,
  "runtime_seconds": 0.027408599969930947,
  "dataset_sha256": "bf7cf18e02abb87a6e22fe9b686d8f93fa34ceb3f67abc575741c0a63080b56d",
  "index_fingerprint": "3241613a186f9a98fd5e0d6a61d1ea3f5bc9030c1f77dc2ffb05ce08fb7be861"
}