{
  "all_reports_hit": 0.5333333333333333,
  "case_count": 34,
  "complete_evidence_recall": 0.5,
  "configuration_checksum": "e5b49b61b2e40142c57dc106b9bcfee5c450c61cb84fe0e08fdc25f280dc83ed",
  "created_at_utc": "2026-07-14T00:04:02.639837+00:00",
  "eligibility": "eligible",
  "evidence_recall": 0.6333333333333333,
  "experiment_id": "MMR_LAMBDA_07",
  "macro_report_mrr": 0.41453703703703704,
  "mean_estimated_tokens": 2048.4,
  "mean_latency_ms": 13940.390916666971,
  "mean_repeated_text_ratio": 0.0,
  "mean_selected_chunks": 8.8,
  "mean_unique_pages": 7.6,
  "median_latency_ms": 15347.948600001473,
  "mmr_enabled": true,
  "mmr_lambda": 0.7,
  "p95_latency_ms": 23389.074399998208,
  "report_coverage": 1.0,
  "schema_version": 1,
  "scored_case_count": 30,
  "single_report_contamination": 0.0,
  "status": "completed"
}
