{
  "all_reports_hit": 0.5,
  "case_count": 34,
  "complete_evidence_recall": 0.4666666666666667,
  "configuration_checksum": "3704d27aea80eebb5a65ecb28580541a346bd9a157585d433cdf979e3c27a65b",
  "created_at_utc": "2026-07-14T00:01:45.101424+00:00",
  "eligibility": "eligible",
  "evidence_recall": 0.6,
  "experiment_id": "MMR_BASELINE_V2_COHERE",
  "macro_report_mrr": 0.41537037037037033,
  "mean_estimated_tokens": 2096.2,
  "mean_latency_ms": 11680.465860000188,
  "mean_repeated_text_ratio": 0.0,
  "mean_selected_chunks": 9.0,
  "mean_unique_pages": 7.666666666666667,
  "median_latency_ms": 12906.782750000275,
  "mmr_enabled": false,
  "mmr_lambda": null,
  "p95_latency_ms": 19606.930400001147,
  "report_coverage": 1.0,
  "schema_version": 1,
  "scored_case_count": 30,
  "single_report_contamination": 0.0,
  "status": "completed"
}
