All-Reports Hit,CER,Evidence Recall,Macro MRR,abstention_correctness,citation_completeness,citation_correctness,comparative_correctness,contextual_recall,contextual_relevancy,estimated_token_count,experiment_id,factual_correctness,faithfulness_to_context,generation_latency_ms,repeated_text_ratio,retrieval_latency_ms,retrieval_source,temporal_attribution_correctness,total_estimated_latency_ms,unique_page_count
0.5,0.4666666666666667,0.6,0.41537037037037033,1.0,1.0,0.8823529411764706,0.2777777777777778,0.4117647058823529,0.5294117647058824,2096.2,V2_COHERE_ONLY_SUFFICIENCY,0.7954456988291574,0.9761655452382324,25694.342349999715,0.0,12906.782750000275,MMR_BASELINE_V2_COHERE,0.8823529411764706,38601.12509999999,7.666666666666667
0.5666666666666667,0.5333333333333333,0.65,0.4054629629629629,1.0,1.0,0.8823529411764706,0.3333333333333333,0.47058823529411764,0.5735294117647058,2037.0333333333333,GEN_MMR06_SUFFICIENCY_V1,0.8153331682936946,0.9731204857728691,25053.172150001046,0.0,15426.971299999423,MMR_LAMBDA_06,0.8823529411764706,40480.14345000047,7.8
0.06666666666666665,0.06666666666666665,0.050000000000000044,-0.00990740740740742,0.0,0.0,0.0,0.055555555555555525,0.05882352941176472,0.044117647058823484,-59.166666666666515,DELTA_MMR_MINUS_PREVIOUS,0.019887469464537233,-0.0030450594653632646,-641.170199998669,0.0,2520.1885499991477,,0.0,1879.0183500004787,0.13333333333333286
