{
  "created_at_utc": "2026-07-14T06:42:18.753671+00:00",
  "rows": [
    {
      "All-Reports Hit": 0.5,
      "CER": 0.4666666666666667,
      "Evidence Recall": 0.6,
      "Macro MRR": 0.41537037037037033,
      "abstention_correctness": 1.0,
      "citation_completeness": 1.0,
      "citation_correctness": 0.8823529411764706,
      "comparative_correctness": 0.2777777777777778,
      "contextual_recall": 0.4117647058823529,
      "contextual_relevancy": 0.5294117647058824,
      "estimated_token_count": 2096.2,
      "experiment_id": "V2_COHERE_ONLY_SUFFICIENCY",
      "factual_correctness": 0.7954456988291574,
      "faithfulness_to_context": 0.9761655452382324,
      "generation_latency_ms": 25694.342349999715,
      "repeated_text_ratio": 0.0,
      "retrieval_latency_ms": 12906.782750000275,
      "retrieval_source": "MMR_BASELINE_V2_COHERE",
      "temporal_attribution_correctness": 0.8823529411764706,
      "total_estimated_latency_ms": 38601.12509999999,
      "unique_page_count": 7.666666666666667
    },
    {
      "All-Reports Hit": 0.5666666666666667,
      "CER": 0.5333333333333333,
      "Evidence Recall": 0.65,
      "Macro MRR": 0.4054629629629629,
      "abstention_correctness": 1.0,
      "citation_completeness": 1.0,
      "citation_correctness": 0.8823529411764706,
      "comparative_correctness": 0.3333333333333333,
      "contextual_recall": 0.47058823529411764,
      "contextual_relevancy": 0.5735294117647058,
      "estimated_token_count": 2037.0333333333333,
      "experiment_id": "GEN_MMR06_SUFFICIENCY_V1",
      "factual_correctness": 0.8153331682936946,
      "faithfulness_to_context": 0.9731204857728691,
      "generation_latency_ms": 25053.172150001046,
      "repeated_text_ratio": 0.0,
      "retrieval_latency_ms": 15426.971299999423,
      "retrieval_source": "MMR_LAMBDA_06",
      "temporal_attribution_correctness": 0.8823529411764706,
      "total_estimated_latency_ms": 40480.14345000047,
      "unique_page_count": 7.8
    },
    {
      "All-Reports Hit": 0.06666666666666665,
      "CER": 0.06666666666666665,
      "Evidence Recall": 0.050000000000000044,
      "Macro MRR": -0.00990740740740742,
      "abstention_correctness": 0.0,
      "citation_completeness": 0.0,
      "citation_correctness": 0.0,
      "comparative_correctness": 0.055555555555555525,
      "contextual_recall": 0.05882352941176472,
      "contextual_relevancy": 0.044117647058823484,
      "estimated_token_count": -59.166666666666515,
      "experiment_id": "DELTA_MMR_MINUS_PREVIOUS",
      "factual_correctness": 0.019887469464537233,
      "faithfulness_to_context": -0.0030450594653632646,
      "generation_latency_ms": -641.170199998669,
      "repeated_text_ratio": 0.0,
      "retrieval_latency_ms": 2520.1885499991477,
      "temporal_attribution_correctness": 0.0,
      "total_estimated_latency_ms": 1879.0183500004787,
      "unique_page_count": 0.13333333333333286
    }
  ]
}
